url_path,views_total,views_unique
/s-murfy/k223d/blob/master/notebook/planar_eg/planar_mesh.ipynb,3,1
/s-murfy/k223d/tree/master/notebook,2,1
/s-murfy/k223d/blob/master/notebook/EFSM_eg/input_file,1,1
/s-murfy/k223d/blob/master/notebook/local_py_scripts/fault_scaling.py,1,1
/s-murfy/k223d/blob/master/notebook/local_py_scripts/notebook_utils.py,1,1
/s-murfy/k223d/blob/master/notebook/planar_eg/input_file,1,1
/s-murfy/k223d/tree/master,1,1
/s-murfy/k223d/tree/master/notebook/EFSM_eg,1,1
/s-murfy/k223d/tree/master/notebook/local_py_scripts,1,1
/s-murfy/k223d/tree/master/notebook/planar_eg,1,1
